lat,lon,year
10.498153,42.594944,2011
8.842976,43.87066,2011
9.301856,42.596493,2011
9.400539,42.858524,2011
9.096073,43.204144,2011
9.038158,43.253727,2011
9.06748,43.534267,2011
9.323408,43.27841,2011
9.91265,42.47255,2011
9.746772,42.308968,2011
9.630952,42.146103,2011
9.602981,42.08033,2011
9.663815,41.78955,2011
9.568982,41.867348,2011
9.551926,41.785366,2011
9.513218,41.816135,2011
9.473032,41.71865,2011
9.565526,41.52318,2011
9.551526,41.35838,2011
9.374061,41.58846,2011
9.15085,41.844055,2011
9.246306,42.217396,2011
9.273056,42.132217,2011
9.264459,42.147743,2011
9.183186,42.020687,2011
9.526855,41.94088,2011
9.56789,41.982265,2011
9.550917,42.082367,2011
9.371078,42.10319,2011
9.360295,42.092068,2011
9.3380995,42.099953,2011
9.315073,42.144653,2011
9.310297,42.18422,2011
9.337263,42.200428,2011
9.332576,42.248505,2011
9.220796,42.495224,2011
9.239758,42.441944,2011
9.062638,41.68747,2011
9.00937,40.721874,2011
8.652308,40.61785,2011
8.571903,40.317516,2011
8.898765,40.274464,2011
8.939001,40.47145,2011
9.249247,40.059856,2011
9.356299,40.23647,2011
9.517871,40.16479,2011
10.943629,40.005436,2011
11.113618,40.017212,2011
11.214004,40.205593,2011
10.46241,42.243496,2011
11.53111,41.41419,2011
11.527803,41.52071,2011
11.522329,41.569298,2011
11.689532,41.34812,2011
11.885877,41.573814,2011
11.628454,40.882565,2011
11.674194,40.09553,2011
12.620966,39.424454,2011
12.623134,39.651684,2011
11.991804,39.78002,2011
11.904846,39.44947,2011
11.991048,39.357075,2011
12.006236,39.607647,2011
11.813998,39.140408,2011
11.962525,39.098156,2011
12.428074,38.70532,2011
12.514443,38.824986,2011
12.398912,39.08975,2011
12.758064,38.99387,2011
12.782627,39.30689,2011
12.805251,37.41838,2011
12.305988,37.838013,2011
12.338496,37.675022,2011
12.556393,37.31186,2011
12.049824,37.800323,2011
12.356297,38.452442,2011
12.254391,38.652576,2011
11.64544,38.418858,2011
11.817644,38.160225,2011
11.786947,37.5908,2011
11.689073,37.607456,2011
11.3744755,37.452324,2011
10.955194,38.284695,2011
10.907046,38.03652,2011
11.238573,38.31134,2011
10.756198,38.769672,2011
11.026883,38.922935,2011
11.654919,39.035755,2011
11.356367,39.434925,2011
11.669207,39.656605,2011
11.41596,39.84857,2011
11.08743,39.78439,2011
11.003906,39.93879,2011
10.987839,39.92341,2011
10.528153,39.813107,2011
10.72069,39.88603,2011
10.588352,39.907497,2011
10.573893,39.93543,2011
10.124927,39.67131,2011
10.5685625,39.235664,2011
10.177151,38.97278,2011
10.125568,39.317307,2011
10.024511,39.213165,2011
9.779791,38.658245,2011
9.554082,39.579338,2011
9.890489,39.48453,2011
9.678973,39.913593,2011
9.612571,39.783043,2011
8.738148,39.84053,2011
8.727179,39.1877,2011
8.683492,38.805435,2011
9.003974,39.002743,2011
9.3723545,38.32236,2011
9.05607,38.58681,2011
8.970891,38.624557,2011
8.821663,38.346928,2011
8.636101,38.151936,2011
8.841154,37.913578,2011
8.720428,37.911457,2011
9.790074,37.505943,2011
9.991906,37.692554,2011
9.891234,38.37443,2011
10.016586,38.249226,2011
10.418072,38.169712,2011
10.437603,38.31844,2011
10.579219,38.606255,2011
10.579432,37.7985,2011
10.4216175,37.57655,2011
10.589277,37.461597,2011
10.792776,37.144543,2011
10.829337,37.064423,2011
10.577376,37.044968,2011
10.93707,36.654755,2011
9.847087,36.342297,2011
9.844081,37.127136,2011
9.759139,37.044815,2011
8.643027,37.063213,2011
9.030843,36.403793,2011
8.743045,36.484447,2011
8.653678,36.607746,2011
9.391374,36.219437,2011
9.38881,35.61439,2011
9.358103,35.575165,2011
9.07703,35.615635,2011
8.768866,35.567177,2011
9.015301,35.04654,2011
9.620333,34.534264,2011
9.837059,34.915016,2011
9.744228,34.787296,2011
9.73443,34.728554,2011
10.081238,34.68319,2011
10.482209,34.78618,2011
11.332329,36.27202,2011
11.564917,36.462845,2011
11.115608,36.376343,2011
11.19134,36.949696,2011
10.934627,37.00397,2011
10.96861,37.17848,2011
11.063663,37.070377,2011
11.282821,36.959686,2011
11.396275,37.042618,2011
11.651471,37.103283,2011
12.39107,35.93359,2011
12.801716,36.930313,2011
12.919689,37.03297,2011
14.181992,36.479992,2011
13.477439,37.121338,2011
13.516058,37.627316,2011
13.2058115,37.787655,2011
13.372228,37.789875,2011
13.670993,37.406425,2011
13.73157,37.367252,2011
14.087235,37.501526,2011
14.353816,37.890877,2011
14.086276,37.983185,2011
14.2885895,38.21025,2011
14.109761,38.473835,2011
14.283468,38.573017,2011
13.985947,38.6493,2011
13.871339,38.636692,2011
13.844084,38.480324,2011
13.642517,38.119183,2011
13.234958,39.16344,2011
13.016851,39.367165,2011
13.284356,39.52983,2011
13.282024,39.44052,2011
13.842605,39.719643,2011
13.895388,39.7873,2011
13.98437,39.53313,2011
13.801427,39.61825,2011
14.158357,39.22585,2011
13.691823,39.2019,2011
13.781326,38.98651,2011
14.085978,38.975506,2011
14.319218,39.2716,2011
14.300796,39.05949,2011
14.252707,39.65089,2011
14.455961,39.479084,2011
9.476512,34.420902,2011
8.400071,33.938507,2011
8.275759,33.98076,2011
8.19727,34.20166,2011
7.830137,34.508053,2011
7.646913,34.256283,2011
8.392005,33.468357,2011
3.4557006,39.515995,2011
3.864243,39.101364,2011
3.5499372,39.184235,2011
4.8070974,36.08184,2011
5.949891,37.15523,2011
6.1363087,36.675976,2011
5.8363395,36.60703,2011
6.260068,35.264553,2011
6.8069215,35.801598,2011
6.8049297,35.864616,2011
7.2260466,35.29447,2011
7.190572,35.422832,2011
7.145475,35.4612,2011
6.9141135,35.63032,2011
6.949029,35.772022,2011
7.448677,35.868076,2011
7.2755685,35.37612,2011
7.2581053,35.31356,2011
7.2744265,35.256336,2011
7.302405,35.198364,2011
8.006712,34.556633,2011
8.614921,34.651436,2011
8.661615,35.642696,2011
8.169798,35.640633,2011
7.827271,35.392494,2011
7.672117,35.84001,2011
7.4755673,36.442974,2011
7.880059,36.098324,2011
8.189306,36.469986,2011
8.093827,36.457462,2011
7.6691236,36.925537,2011
7.5478306,37.081825,2011
7.099243,37.128258,2011
7.0587044,37.17577,2011
6.9430213,37.295017,2011
7.095175,36.6553,2011
7.1597495,36.83604,2011
7.1463785,36.89714,2011
7.313182,36.595192,2011
6.985894,36.42552,2011
7.110909,36.466976,2011
6.363915,36.58922,2011
6.33301,36.603268,2011
6.265635,36.61094,2011
6.63095,36.785202,2011
6.2338552,37.345615,2011
6.2910967,37.481846,2011
6.7068586,37.409546,2011
6.6169963,37.484627,2011
6.2776117,38.31152,2011
6.1387835,38.284336,2011
6.401238,38.3446,2011
6.449628,38.319683,2011
6.6558065,38.324574,2011
6.803102,38.512634,2011
6.911568,38.48171,2011
6.92495,38.35597,2011
6.9308486,38.595898,2011
7.1743,37.94927,2011
7.2837453,37.75715,2011
6.949926,37.886494,2011
6.888721,37.95225,2011
6.902101,37.734875,2011
6.7830186,37.55098,2011
7.036077,37.30928,2011
7.381603,37.603397,2011
7.3767633,37.893566,2011
7.4428077,37.86591,2011
7.5132604,37.646137,2011
7.7053847,37.65054,2011
7.692629,37.733616,2011
7.8199115,37.828598,2011
7.731696,37.498585,2011
7.8891253,37.54566,2011
7.976987,37.47791,2011
8.466463,37.43692,2011
8.204299,37.793137,2011
8.179497,37.92722,2011
8.118359,37.711582,2011
7.985016,38.153934,2011
8.133279,38.20867,2011
8.075789,38.439598,2011
8.168632,38.646454,2011
7.793499,38.25056,2011
7.65816,38.09463,2011
7.4056835,38.081074,2011
7.276738,38.115738,2011
7.2685037,38.602093,2011
7.349188,38.804935,2011
7.4284306,38.957386,2011
8.113326,38.775303,2011
8.088423,39.034924,2011
7.7757397,39.866116,2011
7.5886106,39.794594,2011
7.1643295,39.82037,2011
7.00349,39.162445,2011
6.3758936,38.726944,2011
6.3989835,38.8769,2011
6.4505033,39.880272,2011
5.5257063,38.762066,2011
6.024358,38.341362,2011
5.945254,38.32251,2011
5.5956826,38.29362,2011
5.983012,38.161667,2011
5.9881706,37.438786,2011
5.851849,37.88322,2011
5.747097,37.850887,2011
5.554167,37.841652,2011
5.603155,37.60306,2011
5.646559,37.38189,2011
5.639284,37.382317,2011
5.495345,37.55184,2011
5.299477,37.482616,2011
5.252955,37.427177,2011
4.235341,38.385914,2011
3.9829311,38.491367,2011
4.8790545,39.195377,2011
4.7676888,39.26975,2011
4.281844,41.875076,2011
5.222998,41.043205,2011
5.2135024,40.035152,2011
6.9835978,40.352276,2011
7.258988,40.614624,2011
7.436675,41.000565,2011
10.498153,42.594944,2015
8.842976,43.87066,2015
9.301856,42.596493,2015
9.400539,42.858524,2015
9.096073,43.204144,2015
9.038158,43.253727,2015
9.06748,43.534267,2015
9.323408,43.27841,2015
9.91265,42.47255,2015
9.746772,42.308968,2015
9.630952,42.146103,2015
9.602981,42.08033,2015
9.663815,41.78955,2015
9.568982,41.867348,2015
9.551926,41.785366,2015
9.513218,41.816135,2015
9.473032,41.71865,2015
9.565526,41.52318,2015
9.551526,41.35838,2015
9.374061,41.58846,2015
9.15085,41.844055,2015
9.246306,42.217396,2015
9.273056,42.132217,2015
9.264459,42.147743,2015
9.183186,42.020687,2015
9.526855,41.94088,2015
9.56789,41.982265,2015
9.550917,42.082367,2015
9.371078,42.10319,2015
9.360295,42.092068,2015
9.3380995,42.099953,2015
9.315073,42.144653,2015
9.310297,42.18422,2015
9.337263,42.200428,2015
9.332576,42.248505,2015
9.220796,42.495224,2015
9.239758,42.441944,2015
9.062638,41.68747,2015
9.00937,40.721874,2015
8.652308,40.61785,2015
8.571903,40.317516,2015
8.898765,40.274464,2015
8.939001,40.47145,2015
9.249247,40.059856,2015
9.356299,40.23647,2015
9.517871,40.16479,2015
10.943629,40.005436,2015
11.113618,40.017212,2015
11.214004,40.205593,2015
10.46241,42.243496,2015
11.53111,41.41419,2015
11.527803,41.52071,2015
11.522329,41.569298,2015
11.689532,41.34812,2015
11.885877,41.573814,2015
11.628454,40.882565,2015
11.674194,40.09553,2015
12.620966,39.424454,2015
12.623134,39.651684,2015
11.991804,39.78002,2015
11.904846,39.44947,2015
11.991048,39.357075,2015
12.006236,39.607647,2015
11.813998,39.140408,2015
11.962525,39.098156,2015
12.428074,38.70532,2015
12.514443,38.824986,2015
12.398912,39.08975,2015
12.758064,38.99387,2015
12.782627,39.30689,2015
12.805251,37.41838,2015
12.305988,37.838013,2015
12.338496,37.675022,2015
12.556393,37.31186,2015
12.049824,37.800323,2015
12.356297,38.452442,2015
12.254391,38.652576,2015
11.64544,38.418858,2015
11.817644,38.160225,2015
11.786947,37.5908,2015
11.689073,37.607456,2015
11.3744755,37.452324,2015
10.955194,38.284695,2015
10.907046,38.03652,2015
11.238573,38.31134,2015
10.756198,38.769672,2015
11.026883,38.922935,2015
11.654919,39.035755,2015
11.356367,39.434925,2015
11.669207,39.656605,2015
11.41596,39.84857,2015
11.08743,39.78439,2015
11.003906,39.93879,2015
10.987839,39.92341,2015
10.528153,39.813107,2015
10.72069,39.88603,2015
10.588352,39.907497,2015
10.573893,39.93543,2015
10.124927,39.67131,2015
10.5685625,39.235664,2015
10.177151,38.97278,2015
10.125568,39.317307,2015
10.024511,39.213165,2015
9.779791,38.658245,2015
9.554082,39.579338,2015
9.890489,39.48453,2015
9.678973,39.913593,2015
9.612571,39.783043,2015
8.738148,39.84053,2015
8.727179,39.1877,2015
8.683492,38.805435,2015
9.003974,39.002743,2015
9.3723545,38.32236,2015
9.05607,38.58681,2015
8.970891,38.624557,2015
8.821663,38.346928,2015
8.636101,38.151936,2015
8.841154,37.913578,2015
8.720428,37.911457,2015
9.790074,37.505943,2015
9.991906,37.692554,2015
9.891234,38.37443,2015
10.016586,38.249226,2015
10.418072,38.169712,2015
10.437603,38.31844,2015
10.579219,38.606255,2015
10.579432,37.7985,2015
10.4216175,37.57655,2015
10.589277,37.461597,2015
10.792776,37.144543,2015
10.829337,37.064423,2015
10.577376,37.044968,2015
10.93707,36.654755,2015
10.502376,36.004807,2015
9.847087,36.342297,2015
9.844081,37.127136,2015
9.759139,37.044815,2015
8.643027,37.063213,2015
9.030843,36.403793,2015
8.743045,36.484447,2015
8.653678,36.607746,2015
9.391374,36.219437,2015
9.38881,35.61439,2015
9.358103,35.575165,2015
9.07703,35.615635,2015
8.768866,35.567177,2015
9.015301,35.04654,2015
9.620333,34.534264,2015
9.837059,34.915016,2015
9.744228,34.787296,2015
9.73443,34.728554,2015
10.081238,34.68319,2015
10.482209,34.78618,2015
11.332329,36.27202,2015
11.564917,36.462845,2015
11.115608,36.376343,2015
11.19134,36.949696,2015
10.934627,37.00397,2015
10.96861,37.17848,2015
11.063663,37.070377,2015
11.282821,36.959686,2015
11.396275,37.042618,2015
11.651471,37.103283,2015
12.39107,35.93359,2015
12.801716,36.930313,2015
12.919689,37.03297,2015
14.181992,36.479992,2015
13.477439,37.121338,2015
13.516058,37.627316,2015
13.2058115,37.787655,2015
13.372228,37.789875,2015
13.670993,37.406425,2015
13.73157,37.367252,2015
14.087235,37.501526,2015
14.353816,37.890877,2015
14.086276,37.983185,2015
14.2885895,38.21025,2015
14.109761,38.473835,2015
14.283468,38.573017,2015
13.985947,38.6493,2015
13.871339,38.636692,2015
13.844084,38.480324,2015
13.642517,38.119183,2015
13.234958,39.16344,2015
13.016851,39.367165,2015
13.284356,39.52983,2015
13.282024,39.44052,2015
13.842605,39.719643,2015
13.895388,39.7873,2015
13.98437,39.53313,2015
13.801427,39.61825,2015
14.158357,39.22585,2015
13.691823,39.2019,2015
13.781326,38.98651,2015
14.085978,38.975506,2015
14.319218,39.2716,2015
14.300796,39.05949,2015
14.252707,39.65089,2015
14.455961,39.479084,2015
9.476512,34.420902,2015
8.400071,33.938507,2015
8.275759,33.98076,2015
8.19727,34.20166,2015
7.830137,34.508053,2015
7.646913,34.256283,2015
8.392005,33.468357,2015
3.4557006,39.515995,2015
3.864243,39.101364,2015
3.5499372,39.184235,2015
4.8070974,36.08184,2015
5.949891,37.15523,2015
6.1363087,36.675976,2015
5.8363395,36.60703,2015
6.260068,35.264553,2015
6.8069215,35.801598,2015
6.8049297,35.864616,2015
7.2260466,35.29447,2015
7.190572,35.422832,2015
7.145475,35.4612,2015
6.9141135,35.63032,2015
6.949029,35.772022,2015
7.448677,35.868076,2015
7.2755685,35.37612,2015
7.2581053,35.31356,2015
7.2744265,35.256336,2015
7.302405,35.198364,2015
8.006712,34.556633,2015
8.614921,34.651436,2015
8.661615,35.642696,2015
8.169798,35.640633,2015
7.827271,35.392494,2015
7.672117,35.84001,2015
7.4755673,36.442974,2015
7.880059,36.098324,2015
8.189306,36.469986,2015
8.093827,36.457462,2015
7.6691236,36.925537,2015
7.5478306,37.081825,2015
7.099243,37.128258,2015
7.0587044,37.17577,2015
6.9430213,37.295017,2015
7.095175,36.6553,2015
7.1597495,36.83604,2015
7.1463785,36.89714,2015
7.313182,36.595192,2015
6.985894,36.42552,2015
7.110909,36.466976,2015
6.363915,36.58922,2015
6.33301,36.603268,2015
6.265635,36.61094,2015
6.63095,36.785202,2015
6.2338552,37.345615,2015
6.2910967,37.481846,2015
6.7068586,37.409546,2015
6.6169963,37.484627,2015
6.2776117,38.31152,2015
6.1387835,38.284336,2015
6.401238,38.3446,2015
6.449628,38.319683,2015
6.6558065,38.324574,2015
6.803102,38.512634,2015
6.911568,38.48171,2015
6.92495,38.35597,2015
6.9308486,38.595898,2015
7.1743,37.94927,2015
7.2837453,37.75715,2015
6.949926,37.886494,2015
6.888721,37.95225,2015
6.902101,37.734875,2015
6.7830186,37.55098,2015
7.036077,37.30928,2015
7.381603,37.603397,2015
7.3767633,37.893566,2015
7.4428077,37.86591,2015
7.5132604,37.646137,2015
7.7053847,37.65054,2015
7.692629,37.733616,2015
7.8199115,37.828598,2015
7.731696,37.498585,2015
7.8891253,37.54566,2015
7.976987,37.47791,2015
8.466463,37.43692,2015
8.204299,37.793137,2015
8.179497,37.92722,2015
8.118359,37.711582,2015
7.985016,38.153934,2015
8.133279,38.20867,2015
8.075789,38.439598,2015
8.168632,38.646454,2015
7.79121,38.32951,2015
7.793499,38.25056,2015
7.65816,38.09463,2015
7.4056835,38.081074,2015
7.276738,38.115738,2015
7.2685037,38.602093,2015
7.349188,38.804935,2015
7.4284306,38.957386,2015
8.113326,38.775303,2015
8.088423,39.034924,2015
7.7757397,39.866116,2015
7.5886106,39.794594,2015
7.1643295,39.82037,2015
7.00349,39.162445,2015
6.3758936,38.726944,2015
6.3989835,38.8769,2015
6.4505033,39.880272,2015
5.5257063,38.762066,2015
6.024358,38.341362,2015
5.945254,38.32251,2015
5.5956826,38.29362,2015
5.983012,38.161667,2015
5.9881706,37.438786,2015
5.851849,37.88322,2015
5.747097,37.850887,2015
5.554167,37.841652,2015
5.603155,37.60306,2015
5.646559,37.38189,2015
5.639284,37.382317,2015
5.495345,37.55184,2015
5.299477,37.482616,2015
5.252955,37.427177,2015
3.9829311,38.491367,2015
4.8790545,39.195377,2015
4.7676888,39.26975,2015
4.281844,41.875076,2015
5.222998,41.043205,2015
6.9835978,40.352276,2015
7.258988,40.614624,2015
7.436675,41.000565,2015
-9.50446,33.2302,2010
-9.9716,33.3739,2010
-9.9754,33.926,2010
-11.285,33.7785,2010
-11.3125,33.4799,2010
-13.5027,32.9863,2010
-11.4608,33.9739,2010
-11.433,34.0235,2010
-11.4076,33.9949,2010
-11.4669,34.0078,2010
-11.4736,34.0151,2010
-11.5364,34.278,2010
-11.964,34.0768,2010
-12.8816,33.7268,2010
-13.5077,33.7376,2010
-13.3488,33.4404,2010
-13.8122,33.5005,2010
-13.6362,33.7489,2010
-13.7993,33.8589,2010
-13.3314,33.8581,2010
-13.2305,34.0093,2010
-13.274,34.1404,2010
-13.35,34.2705,2010
-13.4883,34.2614,2010
-13.7469,34.1632,2010
-13.7921,34.1602,2010
-14.0261,34.26,2010
-13.8674,33.8281,2010
-14.0039,33.8081,2010
-14.0755,33.9183,2010
-14.1045,34.0018,2010
-14.26,33.7983,2010
-14.3763,34.0394,2010
-14.2992,34.1126,2010
-14.3487,34.404,2010
-14.2749,33.7597,2010
-14.0239,33.778,2010
-14.0209,33.7746,2010
-13.9896,33.7772,2010
-13.9917,33.7789,2010
-13.9554,33.7286,2010
-13.953,33.7174,2010
-13.9323,33.7589,2010
-13.9354,33.7828,2010
-13.8939,33.7871,2010
-13.8696,33.7771,2010
-13.8758,33.7599,2010
-14.033,33.5159,2010
-13.9347,33.494,2010
-15.737,34.3852,2010
-16.9855,35.2499,2010
-16.2669,34.8952,2010
-16.6,34.9673,2010
-16.1982,35.158,2010
-16.088,35.0681,2010
-15.9499,35.1136,2010
-16.0204,34.9201,2010
-15.7695,34.9969,2010
-15.8552,35.0737,2010
-15.8234,35.0885,2010
-15.8086,35.0572,2010
-15.7776,35.0402,2010
-15.7308,35.0713,2010
-15.6556,35.0184,2010
-15.7088,34.8301,2010
-15.6058,34.5184,2010
-14.9533,34.9545,2010
-15.0706,35.1704,2010
-15.4627,35.1595,2010
-15.3992,35.3184,2010
-15.399,35.3205,2010
-15.3787,35.3421,2010
-15.4042,35.3314,2010
-15.3736,35.3644,2010
-15.175,35.3381,2010
-15.6689,35.589,2010
-15.4882,35.557,2010
-15.5763,35.5519,2010
-15.5698,35.4256,2010
-15.6013,35.2404,2010
-15.6474,35.3431,2010
-15.8295,35.2618,2010
-15.8284,35.3532,2010
-16.0375,35.3545,2010
-16.0579,35.2362,2010
-16.1134,35.4092,2010
-16.0832,35.5824,2010
-14.1404,35.2154,2010
-14.1066,35.4117,2010
-14.4912,35.6063,2010
-14.7074,35.8067,2010
-14.6999,35.608,2010
-14.4265,35.2576,2010
-14.3252,35.4255,2010
-14.5244,35.0888,2010
-14.9258,35.0165,2010
-14.7689,34.6461,2010
-14.6514,34.6256,2010
-14.4791,34.8262,2010
-14.4136,34.6106,2010
-14.5036,34.6593,2010
-14.3556,34.5793,2010
-16.9855,35.2499,2016
-16.2669,34.8952,2016
-16.6,34.9673,2016
-16.1982,35.158,2016
-16.088,35.0681,2016
-15.9499,35.1136,2016
-16.0204,34.9201,2016
-15.7695,34.9969,2016
-15.8552,35.0737,2016
-15.8234,35.0885,2016
-15.8086,35.0572,2016
-15.7776,35.0402,2016
-15.7308,35.0713,2016
-15.6556,35.0184,2016
-15.7088,34.8301,2016
-15.6058,34.5184,2016
-14.9533,34.9545,2016
-15.0706,35.1704,2016
-15.4627,35.1595,2016
-15.3992,35.3184,2016
-15.399,35.3205,2016
-15.3787,35.3421,2016
-15.4042,35.3314,2016
-15.3736,35.3644,2016
-15.175,35.3381,2016
-15.6689,35.589,2016
-15.4882,35.557,2016
-15.5763,35.5519,2016
-15.5698,35.4256,2016
-15.6013,35.2404,2016
-15.6474,35.3431,2016
-15.8295,35.2618,2016
-15.8284,35.3532,2016
-16.0375,35.3545,2016
-16.0579,35.2362,2016
-16.1134,35.4092,2016
-16.0832,35.5824,2016
-14.1404,35.2154,2016
-14.1066,35.4117,2016
-14.4912,35.6063,2016
-14.7074,35.8067,2016
-14.6999,35.608,2016
-14.4265,35.2576,2016
-14.3252,35.4255,2016
-14.5244,35.0888,2016
-14.9258,35.0165,2016
-14.7689,34.6461,2016
-14.6514,34.6256,2016
-14.4791,34.8262,2016
-14.4136,34.6106,2016
-14.5036,34.6593,2016
-14.3556,34.5793,2016
-9.50446,33.2302,2016
-9.9716,33.3739,2016
-9.9754,33.926,2016
-11.285,33.7785,2016
-11.3125,33.4799,2016
-13.5027,32.9863,2016
-11.4608,33.9739,2016
-11.433,34.0235,2016
-11.4076,33.9949,2016
-11.4669,34.0078,2016
-11.4736,34.0151,2016
-11.5364,34.278,2016
-11.964,34.0768,2016
-12.8816,33.7268,2016
-13.5077,33.7376,2016
-13.3488,33.4404,2016
-13.8122,33.5005,2016
-13.6362,33.7489,2016
-13.7993,33.8589,2016
-13.3314,33.8581,2016
-13.2305,34.0093,2016
-13.274,34.1404,2016
-13.35,34.2705,2016
-13.4883,34.2614,2016
-13.7469,34.1632,2016
-13.7921,34.1602,2016
-14.0261,34.26,2016
-13.8674,33.8281,2016
-14.0039,33.8081,2016
-14.0755,33.9183,2016
-14.1045,34.0018,2016
-14.26,33.7983,2016
-14.3763,34.0394,2016
-14.2992,34.1126,2016
-14.3487,34.404,2016
-14.2749,33.7597,2016
-14.0239,33.778,2016
-14.0209,33.7746,2016
-13.9896,33.7772,2016
-13.9917,33.7789,2016
-13.9554,33.7286,2016
-13.953,33.7174,2016
-13.9323,33.7589,2016
-13.9354,33.7828,2016
-13.8939,33.7871,2016
-13.8696,33.7771,2016
-13.8758,33.7599,2016
-14.033,33.5159,2016
-13.9347,33.494,2016
-15.737,34.3852,2016
7.9577327,3.1507306,2010
7.981533,3.5934772,2010
8.5055485,4.4877696,2010
5.493037,6.220869,2010
5.6281977,5.923684,2010
5.547115,5.816893,2010
5.4978514,5.821879,2010
5.418683,5.757085,2010
5.14157,6.078376,2010
5.2695913,6.3040576,2010
5.1460166,6.6162233,2010
5.2562585,6.619414,2010
5.680625,6.4106026,2010
9.089459,3.7867172,2010
5.6648884,7.04133,2010
5.6794357,7.082503,2010
5.522382,7.049315,2010
5.443157,7.0525374,2010
5.375436,7.0873322,2010
5.2879567,6.993969,2010
5.325696,6.896722,2010
5.0801497,6.816851,2010
5.3152485,7.4334345,2010
5.1420326,7.374716,2010
8.129996,4.3959856,2010
5.1142178,7.374596,2010
5.0903735,7.3662076,2010
5.1534195,7.593182,2010
5.0885835,7.7385864,2010
5.276399,7.721572,2010
5.385203,7.527887,2010
5.555554,7.6110296,2010
5.535456,7.5315356,2010
5.6567273,7.3227534,2010
5.5622067,7.340725,2010
7.8632097,3.9191372,2010
5.590931,7.36813,2010
5.350866,7.4018893,2010
5.500026,7.201422,2010
5.458686,7.2220173,2010
5.5424304,7.188497,2010
5.72024,7.2410617,2010
5.8373723,7.1528187,2010
5.918928,7.422498,2010
5.6986146,7.5194993,2010
5.7712116,7.776873,2010
7.8762336,4.133592,2010
5.976971,7.695424,2010
5.9234557,7.549987,2010
6.24319,7.617182,2010
6.285245,7.3159757,2010
6.1013775,7.189887,2010
6.294877,7.064169,2010
6.2415376,6.9368286,2010
6.307073,6.9701753,2010
6.313164,6.9651613,2010
6.354015,6.8382545,2010
7.846303,4.5222664,2010
6.112975,6.7727113,2010
6.1285243,6.7718754,2010
6.138309,6.7930927,2010
6.0726256,6.839326,2010
6.105267,6.9171543,2010
6.124536,6.949624,2010
6.1308093,6.952686,2010
6.1677904,7.006689,2010
6.0255785,7.028515,2010
6.004201,7.0571218,2010
7.7698164,4.5625167,2010
5.9877605,7.0918345,2010
5.9243374,6.9901414,2010
5.917763,7.087374,2010
5.8341947,7.0178065,2010
5.746314,6.987417,2010
5.824981,6.8672423,2010
5.788823,6.913996,2010
5.8705077,6.8976803,2010
5.984668,6.903046,2010
6.398851,6.5686913,2010
7.9085793,4.6873546,2010
6.443056,6.583245,2010
6.553322,7.02906,2010
6.366918,7.2244954,2010
6.6823936,7.2985196,2010
6.455502,7.4790587,2010
6.4704165,7.487631,2010
6.479427,7.7683244,2010
6.7858086,7.452649,2010
6.82743,7.4480023,2010
6.767937,7.6481586,2010
7.9312367,4.7199125,2010
6.9265966,7.532732,2010
6.98925,7.449727,2010
6.9497805,7.4785457,2010
6.9218917,7.3908806,2010
7.2389107,7.236592,2010
7.1112013,7.7424603,2010
7.131243,7.677143,2010
7.224677,7.7156873,2010
7.4888844,7.6508346,2010
7.543573,7.6143594,2010
8.430751,4.5739703,2010
7.655364,7.282271,2010
7.4589634,7.2695017,2010
7.5837293,6.1816072,2010
7.591869,6.233802,2010
7.6284275,5.7399344,2010
7.4784737,5.7386355,2010
7.2775054,6.275294,2010
6.6572633,6.262004,2010
6.4326797,6.197259,2010
7.038188,6.0658116,2010
8.328419,3.5612547,2010
8.184429,4.733938,2010
6.516337,5.6728296,2010
6.38063,5.5846114,2010
7.2999053,5.1701074,2010
7.258628,5.2072186,2010
7.464856,5.429391,2010
7.7229996,5.7230215,2010
7.6220636,5.37764,2010
7.496003,5.225057,2010
7.61627,5.205151,2010
8.101386,5.249425,2010
8.16655,4.983596,2010
7.9172444,5.7721124,2010
7.9806104,5.986961,2010
8.912397,6.079764,2010
9.037355,6.396907,2010
9.092378,6.0155883,2010
9.059789,5.994117,2010
9.07087,5.820798,2010
8.88738,5.466311,2010
8.745677,5.608124,2010
9.227705,5.698047,2010
8.041974,5.041212,2010
9.749818,5.622401,2010
10.430777,5.557358,2010
9.631349,6.3792753,2010
9.731663,5.797165,2010
9.63716,6.9221015,2010
9.664878,6.8735933,2010
9.56833,6.5496264,2010
9.456363,7.4049687,2010
9.199547,7.2099953,2010
9.149191,7.356565,2010
7.7731295,4.785983,2010
9.0342865,7.57819,2010
8.526888,7.5512376,2010
9.088167,7.315454,2010
9.099142,7.2796507,2010
8.171908,6.9180045,2010
8.085203,6.797468,2010
7.947948,7.849601,2010
7.735205,8.477535,2010
8.308513,9.008097,2010
8.479323,8.516336,2010
7.79738,4.778803,2010
8.612569,8.116396,2010
9.29201,7.842891,2010
9.2095375,8.47389,2010
9.742384,8.463139,2010
9.665954,7.959386,2010
10.37159,8.139708,2010
10.467719,8.538006,2010
9.893114,8.866831,2010
9.610028,8.878975,2010
9.648914,8.780616,2010
7.839902,4.9220004,2010
9.138028,8.750767,2010
9.128778,8.955435,2010
9.4177,9.07009,2010
9.388615,9.452313,2010
9.08325,9.875452,2010
9.275227,9.80628,2010
10.3669815,9.5027075,2010
10.286224,9.637663,2010
10.304397,9.846829,2010
10.074662,9.60864,2010
7.884189,5.008945,2010
10.237417,10.131667,2010
9.367552,9.968414,2010
8.746292,9.6081705,2010
9.054607,9.627554,2010
8.153564,9.201303,2010
7.74373,10.067541,2010
8.288197,10.567237,2010
7.2495394,10.162126,2010
7.264141,9.919659,2010
6.693237,9.224601,2010
7.6016507,5.000195,2010
7.31015,9.822583,2010
7.2642374,9.01304,2010
7.1849923,9.059834,2010
7.1325336,8.899284,2010
7.5235076,8.465678,2010
7.5151467,8.104561,2010
7.181535,8.123883,2010
6.850522,8.445168,2010
6.691181,8.135102,2010
6.790471,8.21332,2010
7.636333,4.788573,2010
7.0247,7.8558826,2010
6.4564652,7.925484,2010
6.3748403,7.958727,2010
6.6566195,8.200039,2010
6.3975153,8.383412,2010
6.7162824,8.947615,2010
6.80039,8.927031,2010
6.8893714,8.930423,2010
6.6910863,9.176024,2010
6.5003853,9.146471,2010
7.7579956,4.561151,2010
6.5057983,8.870162,2010
6.486759,9.157917,2010
5.9484377,8.912094,2010
6.158491,8.366494,2010
6.135723,8.190444,2010
6.291126,8.244123,2010
6.323147,8.116086,2010
6.328518,7.9232264,2010
6.150622,7.9450407,2010
6.098419,7.806015,2010
8.679847,3.3973536,2010
7.752683,4.554025,2010
5.902391,7.881085,2010
5.817367,8.088498,2010
5.934346,8.147026,2010
5.078269,7.911627,2010
5.0564656,7.9186234,2010
5.0115905,7.9496264,2010
5.10749,8.182433,2010
5.0507393,8.339414,2010
5.053988,8.4224205,2010
4.7633915,7.936596,2010
7.7563457,4.549482,2010
4.8273253,8.082669,2010
4.9211154,8.026853,2010
4.9344764,7.967329,2010
4.864651,7.8499494,2010
4.964663,7.804704,2010
4.9479146,7.758319,2010
4.688179,7.708755,2010
4.811528,7.1354,2010
4.7878633,7.1075387,2010
4.76076,7.164997,2010
7.4973936,4.5376973,2010
4.747006,7.3037167,2010
4.8499165,7.371449,2010
4.663797,7.3323646,2010
4.4592605,7.286584,2010
4.6239634,7.771682,2010
4.7437553,6.7771,2010
4.7758965,6.8395867,2010
4.767581,6.9882274,2010
4.78376,7.0209684,2010
4.8391137,6.977275,2010
7.425423,4.552134,2010
4.8079433,6.9730515,2010
4.8600183,7.058599,2010
4.8761907,6.831238,2010
4.7539434,6.728837,2010
4.828221,6.6556582,2010
5.014172,6.54475,2010
4.937116,6.364227,2010
4.7072816,6.088103,2010
4.789739,6.3079123,2010
4.9642534,5.771544,2010
7.469977,4.5664997,2010
4.328719,6.3081717,2010
8.621819,10.81495,2010
8.825399,11.179084,2010
8.30267,12.044434,2010
8.959371,12.154314,2010
9.356681,12.173163,2010
10.271071,13.307731,2010
10.268674,13.23861,2010
10.283291,12.887047,2010
10.194152,12.456068,2010
7.244896,4.8316684,2010
9.692965,12.639585,2010
10.277289,12.202428,2010
10.158195,11.469376,2010
9.917938,11.689417,2010
9.681996,11.826951,2010
9.486183,11.739421,2010
9.332879,11.781967,2010
9.06399,11.695007,2010
9.582909,11.186991,2010
9.187168,11.253141,2010
7.2154136,4.947545,2010
9.30881,11.145171,2010
9.822823,10.900788,2010
9.764297,11.300709,2010
9.860157,11.199743,2010
10.305662,11.16888,2010
10.296062,11.185123,2010
11.501207,10.7607565,2010
11.756765,11.971004,2010
10.483945,11.396633,2010
10.484651,12.356298,2010
6.928557,4.7940288,2010
10.577058,12.176465,2010
10.702117,13.441747,2010
12.069167,12.866711,2010
11.833242,13.105498,2010
11.791316,13.148175,2010
12.484247,13.1824665,2010
12.733983,11.821724,2010
12.30312,11.904907,2010
12.037914,10.823996,2010
12.76624,10.856176,2010
6.4940534,4.7411313,2010
12.841844,10.926891,2010
12.886029,11.061336,2010
12.671809,13.630725,2010
12.888358,10.458005,2010
12.856999,10.565703,2010
12.682326,10.423478,2010
13.115537,10.044915,2010
12.28717,9.717227,2010
12.341679,9.645713,2010
11.978902,9.20492,2010
6.790276,4.4881754,2010
12.079512,10.055504,2010
12.4380665,10.032281,2010
12.079602,10.295722,2010
11.800548,10.195277,2010
11.85712,9.970029,2010
11.499152,10.07132,2010
11.44792,10.574228,2010
11.316684,10.460044,2010
10.654603,10.473764,2010
10.90772,10.024638,2010
9.058589,3.5503209,2010
7.0253625,4.659176,2010
10.854792,9.805784,2010
11.542915,9.257031,2010
11.441262,9.470079,2010
11.395246,9.474481,2010
11.849235,9.464699,2010
11.581686,9.263831,2010
11.918636,9.260121,2010
11.864287,8.997959,2010
11.899691,8.601175,2010
11.89829,8.4905,2010
6.6541324,3.8375814,2010
11.524149,8.632568,2010
11.543299,8.56002,2010
11.559592,9.018758,2010
10.777027,9.172612,2010
11.1419325,8.813295,2010
11.554453,7.859268,2010
11.257299,8.181483,2010
11.261648,8.373807,2010
11.878557,8.447937,2010
11.829167,7.9195013,2010
6.813851,3.9216783,2010
12.683845,7.9332485,2010
12.481092,8.160652,2010
12.562536,8.313785,2010
12.148326,8.36707,2010
12.215768,8.238843,2010
12.047931,8.4714575,2010
11.987756,8.529767,2010
12.647582,8.894074,2010
12.52351,8.550163,2010
12.698645,8.622388,2010
6.9460764,3.9164896,2010
12.706092,8.2543125,2010
13.2028055,7.721468,2010
12.779411,7.6497717,2010
12.721361,7.464851,2010
12.96762,7.5804276,2010
12.944089,7.2333155,2010
12.536034,6.785464,2010
12.505792,6.5862327,2010
12.284996,6.5870767,2010
12.1467705,6.6460385,2010
7.0088716,3.8046165,2010
12.081616,7.4209948,2010
12.33709,7.3436904,2010
12.400219,7.4124203,2010
12.445466,7.491148,2010
12.252801,7.619141,2010
11.805939,7.616816,2010
11.803365,7.645384,2010
11.609419,7.561228,2010
11.659794,7.2941594,2010
11.506503,7.435587,2010
7.3889284,3.894828,2010
11.415935,7.26466,2010
11.30076,7.3936725,2010
11.305466,7.7339015,2010
11.060831,7.708979,2010
10.541243,7.442853,2010
11.843363,7.0715256,2010
11.871888,6.03096,2010
11.288002,5.9197807,2010
11.386042,6.352998,2010
10.885734,5.862467,2010
7.318043,3.895131,2010
10.916905,5.8428683,2010
11.101729,5.2633286,2010
11.302043,5.5084286,2010
12.420465,6.2286525,2010
13.081332,5.2811136,2010
12.963818,5.1988187,2010
13.339896,5.2144804,2010
13.714248,5.557553,2010
13.555542,6.246647,2010
12.771417,4.8238516,2010
7.300815,3.8689833,2010
12.537308,4.157784,2010
12.449797,4.190278,2010
12.6613865,3.9016693,2010
12.319907,4.344709,2010
12.688429,4.7990212,2010
12.153873,4.8474474,2010
12.141165,4.983891,2010
11.61502,4.541563,2010
11.293493,4.781944,2010
11.110619,4.5804787,2010
7.372005,3.9177032,2010
11.846711,3.6652944,2010
7.35809,3.9162304,2010
8.654959,2.9690845,2010
7.3991785,3.9194875,2010
7.3964896,3.9818227,2010
7.3582883,3.9598513,2010
7.3735538,3.9890058,2010
7.358932,4.3950224,2010
7.3794613,4.1727076,2010
7.377868,4.183055,2010
7.6342497,4.254447,2010
7.431634,3.951272,2010
7.534368,3.9269333,2010
9.645483,3.9510663,2010
7.523762,3.8949378,2010
7.5863976,3.563824,2010
7.546856,3.5392106,2010
7.1704907,3.3352563,2010
7.209552,3.0194826,2010
6.4555483,3.1662652,2010
6.507201,3.1920147,2010
6.5018945,3.2411757,2010
6.476694,3.3508205,2010
6.4983773,3.3890498,2010
8.510695,4.5352216,2010
6.534334,3.3875704,2010
6.4929624,3.3188598,2010
6.4967804,3.3163726,2010
6.6303654,3.3181634,2010
6.6453066,3.3056085,2010
6.598943,3.3282995,2010
6.6010637,3.3079298,2010
6.5889096,3.3787022,2010
6.667944,3.3227863,2010
6.690623,3.2937748,2010
8.501869,4.549156,2010
6.6533017,3.2689357,2010
6.7074494,3.287681,2010
6.70773,3.2422025,2010
7.0132875,3.5581496,2010
6.962235,3.654475,2010
6.603851,3.4960222,2010
6.5004525,3.596909,2010
6.219698,4.658014,2010
6.0158424,4.882543,2010
5.5161037,5.708096,2010
8.4871,4.5553613,2010
6.191555,5.061456,2010
6.336651,5.596744,2010
6.356714,5.634779,2010
6.317234,5.6575785,2010
6.3099527,5.698529,2010
5.750045,6.000579,2010
6.115543,6.176619,2010
6.127198,6.1949167,2010
6.1350875,6.2795153,2010
5.923502,6.265306,2010
7.9577327,3.1507306,2015
7.981533,3.5934772,2015
8.5055485,4.4877696,2015
5.493037,6.220869,2015
5.6281977,5.923684,2015
5.547115,5.816893,2015
5.4978514,5.821879,2015
5.418683,5.757085,2015
5.14157,6.078376,2015
5.2695913,6.3040576,2015
5.1460166,6.6162233,2015
5.2562585,6.619414,2015
5.680625,6.4106026,2015
9.089459,3.7867172,2015
5.6648884,7.04133,2015
5.6794357,7.082503,2015
5.522382,7.049315,2015
5.443157,7.0525374,2015
5.375436,7.0873322,2015
5.2879567,6.993969,2015
5.325696,6.896722,2015
5.0801497,6.816851,2015
5.3152485,7.4334345,2015
5.1420326,7.374716,2015
8.129996,4.3959856,2015
5.1142178,7.374596,2015
5.0903735,7.3662076,2015
5.1534195,7.593182,2015
5.0885835,7.7385864,2015
5.276399,7.721572,2015
5.385203,7.527887,2015
5.555554,7.6110296,2015
5.535456,7.5315356,2015
5.6567273,7.3227534,2015
5.5622067,7.340725,2015
7.8632097,3.9191372,2015
5.590931,7.36813,2015
5.350866,7.4018893,2015
5.500026,7.201422,2015
5.458686,7.2220173,2015
5.5424304,7.188497,2015
5.72024,7.2410617,2015
5.8373723,7.1528187,2015
5.918928,7.422498,2015
5.6986146,7.5194993,2015
5.7712116,7.776873,2015
7.8762336,4.133592,2015
5.976971,7.695424,2015
5.9234557,7.549987,2015
6.24319,7.617182,2015
6.285245,7.3159757,2015
6.1013775,7.189887,2015
6.294877,7.064169,2015
6.2415376,6.9368286,2015
6.307073,6.9701753,2015
6.313164,6.9651613,2015
6.354015,6.8382545,2015
7.846303,4.5222664,2015
6.112975,6.7727113,2015
6.1285243,6.7718754,2015
6.138309,6.7930927,2015
6.0726256,6.839326,2015
6.105267,6.9171543,2015
6.124536,6.949624,2015
6.1308093,6.952686,2015
6.1677904,7.006689,2015
6.0255785,7.028515,2015
6.004201,7.0571218,2015
7.7698164,4.5625167,2015
5.9877605,7.0918345,2015
5.9243374,6.9901414,2015
5.917763,7.087374,2015
5.8341947,7.0178065,2015
5.746314,6.987417,2015
5.824981,6.8672423,2015
5.788823,6.913996,2015
5.8705077,6.8976803,2015
5.984668,6.903046,2015
6.398851,6.5686913,2015
7.9085793,4.6873546,2015
6.443056,6.583245,2015
6.553322,7.02906,2015
6.366918,7.2244954,2015
6.6823936,7.2985196,2015
6.455502,7.4790587,2015
6.4704165,7.487631,2015
6.479427,7.7683244,2015
6.7858086,7.452649,2015
6.82743,7.4480023,2015
6.767937,7.6481586,2015
7.9312367,4.7199125,2015
6.9265966,7.532732,2015
6.98925,7.449727,2015
6.9497805,7.4785457,2015
6.9218917,7.3908806,2015
7.2389107,7.236592,2015
7.1112013,7.7424603,2015
7.131243,7.677143,2015
7.224677,7.7156873,2015
7.4888844,7.6508346,2015
7.543573,7.6143594,2015
8.430751,4.5739703,2015
7.655364,7.282271,2015
7.4589634,7.2695017,2015
7.5837293,6.1816072,2015
7.591869,6.233802,2015
7.6284275,5.7399344,2015
7.4784737,5.7386355,2015
7.2775054,6.275294,2015
6.6572633,6.262004,2015
6.4326797,6.197259,2015
7.038188,6.0658116,2015
8.328419,3.5612547,2015
8.184429,4.733938,2015
6.516337,5.6728296,2015
6.38063,5.5846114,2015
7.2999053,5.1701074,2015
7.258628,5.2072186,2015
7.464856,5.429391,2015
7.7229996,5.7230215,2015
7.6220636,5.37764,2015
7.496003,5.225057,2015
7.61627,5.205151,2015
8.101386,5.249425,2015
8.16655,4.983596,2015
7.9172444,5.7721124,2015
7.9806104,5.986961,2015
8.912397,6.079764,2015
9.037355,6.396907,2015
9.092378,6.0155883,2015
9.059789,5.994117,2015
9.07087,5.820798,2015
8.88738,5.466311,2015
8.745677,5.608124,2015
9.227705,5.698047,2015
8.041974,5.041212,2015
9.749818,5.622401,2015
10.430777,5.557358,2015
9.631349,6.3792753,2015
9.731663,5.797165,2015
9.63716,6.9221015,2015
9.664878,6.8735933,2015
9.56833,6.5496264,2015
9.456363,7.4049687,2015
9.199547,7.2099953,2015
9.149191,7.356565,2015
7.7731295,4.785983,2015
9.0342865,7.57819,2015
8.526888,7.5512376,2015
9.088167,7.315454,2015
9.099142,7.2796507,2015
8.171908,6.9180045,2015
8.085203,6.797468,2015
7.947948,7.849601,2015
7.735205,8.477535,2015
8.308513,9.008097,2015
8.479323,8.516336,2015
7.79738,4.778803,2015
8.612569,8.116396,2015
9.29201,7.842891,2015
9.2095375,8.47389,2015
9.742384,8.463139,2015
9.665954,7.959386,2015
10.37159,8.139708,2015
10.467719,8.538006,2015
9.893114,8.866831,2015
9.610028,8.878975,2015
9.648914,8.780616,2015
7.839902,4.9220004,2015
9.138028,8.750767,2015
9.128778,8.955435,2015
9.4177,9.07009,2015
9.388615,9.452313,2015
9.08325,9.875452,2015
9.275227,9.80628,2015
10.3669815,9.5027075,2015
10.286224,9.637663,2015
10.304397,9.846829,2015
10.074662,9.60864,2015
7.884189,5.008945,2015
10.237417,10.131667,2015
9.367552,9.968414,2015
8.746292,9.6081705,2015
9.054607,9.627554,2015
8.153564,9.201303,2015
7.74373,10.067541,2015
8.288197,10.567237,2015
7.2495394,10.162126,2015
7.264141,9.919659,2015
6.693237,9.224601,2015
7.6016507,5.000195,2015
7.31015,9.822583,2015
7.2642374,9.01304,2015
7.1849923,9.059834,2015
7.1325336,8.899284,2015
7.5235076,8.465678,2015
7.5151467,8.104561,2015
7.181535,8.123883,2015
6.850522,8.445168,2015
6.691181,8.135102,2015
6.790471,8.21332,2015
7.636333,4.788573,2015
7.0247,7.8558826,2015
6.4564652,7.925484,2015
6.3748403,7.958727,2015
6.6566195,8.200039,2015
6.3975153,8.383412,2015
6.7162824,8.947615,2015
6.80039,8.927031,2015
6.8893714,8.930423,2015
6.6910863,9.176024,2015
6.5003853,9.146471,2015
7.7579956,4.561151,2015
6.5057983,8.870162,2015
6.486759,9.157917,2015
5.9484377,8.912094,2015
6.158491,8.366494,2015
6.135723,8.190444,2015
6.291126,8.244123,2015
6.323147,8.116086,2015
6.328518,7.9232264,2015
6.150622,7.9450407,2015
6.098419,7.806015,2015
8.679847,3.3973536,2015
7.752683,4.554025,2015
5.902391,7.881085,2015
5.817367,8.088498,2015
5.934346,8.147026,2015
5.078269,7.911627,2015
5.0564656,7.9186234,2015
5.0115905,7.9496264,2015
5.10749,8.182433,2015
5.0507393,8.339414,2015
5.053988,8.4224205,2015
4.7633915,7.936596,2015
7.7563457,4.549482,2015
4.8273253,8.082669,2015
4.9211154,8.026853,2015
4.9344764,7.967329,2015
4.864651,7.8499494,2015
4.964663,7.804704,2015
4.9479146,7.758319,2015
4.688179,7.708755,2015
4.811528,7.1354,2015
4.7878633,7.1075387,2015
4.76076,7.164997,2015
7.4973936,4.5376973,2015
4.747006,7.3037167,2015
4.8499165,7.371449,2015
4.663797,7.3323646,2015
4.4592605,7.286584,2015
4.6239634,7.771682,2015
4.7437553,6.7771,2015
4.7758965,6.8395867,2015
4.767581,6.9882274,2015
4.78376,7.0209684,2015
4.8391137,6.977275,2015
7.425423,4.552134,2015
4.8079433,6.9730515,2015
4.8600183,7.058599,2015
4.8761907,6.831238,2015
4.7539434,6.728837,2015
4.828221,6.6556582,2015
5.014172,6.54475,2015
4.937116,6.364227,2015
4.7072816,6.088103,2015
4.789739,6.3079123,2015
4.9642534,5.771544,2015
7.469977,4.5664997,2015
4.328719,6.3081717,2015
8.621819,10.81495,2015
8.825399,11.179084,2015
8.30267,12.044434,2015
8.959371,12.154314,2015
9.356681,12.173163,2015
10.271071,13.307731,2015
10.268674,13.23861,2015
10.283291,12.887047,2015
10.194152,12.456068,2015
7.244896,4.8316684,2015
9.692965,12.639585,2015
10.277289,12.202428,2015
10.158195,11.469376,2015
9.917938,11.689417,2015
9.681996,11.826951,2015
9.486183,11.739421,2015
9.332879,11.781967,2015
9.06399,11.695007,2015
9.582909,11.186991,2015
9.187168,11.253141,2015
7.2154136,4.947545,2015
9.30881,11.145171,2015
9.822823,10.900788,2015
9.764297,11.300709,2015
9.860157,11.199743,2015
10.305662,11.16888,2015
10.296062,11.185123,2015
11.501207,10.7607565,2015
11.756765,11.971004,2015
10.483945,11.396633,2015
10.484651,12.356298,2015
6.928557,4.7940288,2015
10.577058,12.176465,2015
10.702117,13.441747,2015
12.069167,12.866711,2015
11.833242,13.105498,2015
11.791316,13.148175,2015
12.484247,13.1824665,2015
12.733983,11.821724,2015
12.30312,11.904907,2015
12.037914,10.823996,2015
12.76624,10.856176,2015
6.4940534,4.7411313,2015
12.841844,10.926891,2015
12.886029,11.061336,2015
12.671809,13.630725,2015
12.888358,10.458005,2015
12.856999,10.565703,2015
12.682326,10.423478,2015
13.115537,10.044915,2015
12.28717,9.717227,2015
12.341679,9.645713,2015
11.978902,9.20492,2015
6.790276,4.4881754,2015
12.079512,10.055504,2015
12.4380665,10.032281,2015
12.079602,10.295722,2015
11.800548,10.195277,2015
11.85712,9.970029,2015
11.499152,10.07132,2015
11.44792,10.574228,2015
11.316684,10.460044,2015
10.654603,10.473764,2015
10.90772,10.024638,2015
9.058589,3.5503209,2015
7.0253625,4.659176,2015
10.854792,9.805784,2015
11.542915,9.257031,2015
11.441262,9.470079,2015
11.395246,9.474481,2015
11.849235,9.464699,2015
11.918636,9.260121,2015
11.864287,8.997959,2015
11.92014,8.76261,2015
11.899691,8.601175,2015
11.89829,8.4905,2015
6.6541324,3.8375814,2015
11.524149,8.632568,2015
11.543299,8.56002,2015
11.559592,9.018758,2015
10.777027,9.172612,2015
11.1419325,8.813295,2015
11.554453,7.859268,2015
11.257299,8.181483,2015
11.261648,8.373807,2015
11.878557,8.447937,2015
11.829167,7.9195013,2015
6.813851,3.9216783,2015
12.683845,7.9332485,2015
12.481092,8.160652,2015
12.562536,8.313785,2015
12.148326,8.36707,2015
12.215768,8.238843,2015
12.047931,8.4714575,2015
11.987756,8.529767,2015
12.647582,8.894074,2015
12.52351,8.550163,2015
12.698645,8.622388,2015
6.9460764,3.9164896,2015
12.706092,8.2543125,2015
13.2028055,7.721468,2015
12.779411,7.6497717,2015
12.721361,7.464851,2015
12.96762,7.5804276,2015
12.944089,7.2333155,2015
12.536034,6.785464,2015
12.505792,6.5862327,2015
12.284996,6.5870767,2015
12.1467705,6.6460385,2015
7.0088716,3.8046165,2015
12.081616,7.4209948,2015
12.33709,7.3436904,2015
12.400219,7.4124203,2015
12.445466,7.491148,2015
12.252801,7.619141,2015
11.805939,7.616816,2015
11.803365,7.645384,2015
11.609419,7.561228,2015
11.659794,7.2941594,2015
11.506503,7.435587,2015
7.3889284,3.894828,2015
11.415935,7.26466,2015
11.30076,7.3936725,2015
11.305466,7.7339015,2015
11.060831,7.708979,2015
10.541243,7.442853,2015
11.843363,7.0715256,2015
11.871888,6.03096,2015
11.288002,5.9197807,2015
11.386042,6.352998,2015
10.885734,5.862467,2015
7.318043,3.895131,2015
10.916905,5.8428683,2015
11.101729,5.2633286,2015
11.302043,5.5084286,2015
12.420465,6.2286525,2015
13.081332,5.2811136,2015
12.963818,5.1988187,2015
13.339896,5.2144804,2015
13.714248,5.557553,2015
13.555542,6.246647,2015
12.771417,4.8238516,2015
7.300815,3.8689833,2015
12.537308,4.157784,2015
12.449797,4.190278,2015
12.6613865,3.9016693,2015
12.319907,4.344709,2015
12.688429,4.7990212,2015
12.153873,4.8474474,2015
12.141165,4.983891,2015
11.61502,4.541563,2015
11.293493,4.781944,2015
11.110619,4.5804787,2015
7.372005,3.9177032,2015
11.846711,3.6652944,2015
7.35809,3.9162304,2015
8.654959,2.9690845,2015
7.3991785,3.9194875,2015
7.3964896,3.9818227,2015
7.3582883,3.9598513,2015
7.3735538,3.9890058,2015
7.358932,4.3950224,2015
7.3794613,4.1727076,2015
7.377868,4.183055,2015
7.6342497,4.254447,2015
7.431634,3.951272,2015
7.534368,3.9269333,2015
9.645483,3.9510663,2015
7.523762,3.8949378,2015
7.5863976,3.563824,2015
7.546856,3.5392106,2015
7.1704907,3.3352563,2015
7.209552,3.0194826,2015
6.4555483,3.1662652,2015
6.507201,3.1920147,2015
6.5018945,3.2411757,2015
6.476694,3.3508205,2015
6.4983773,3.3890498,2015
8.510695,4.5352216,2015
6.534334,3.3875704,2015
6.4929624,3.3188598,2015
6.4967804,3.3163726,2015
6.6303654,3.3181634,2015
6.6453066,3.3056085,2015
6.598943,3.3282995,2015
6.6010637,3.3079298,2015
6.5889096,3.3787022,2015
6.667944,3.3227863,2015
6.690623,3.2937748,2015
8.501869,4.549156,2015
6.6533017,3.2689357,2015
6.7074494,3.287681,2015
6.70773,3.2422025,2015
7.0132875,3.5581496,2015
6.962235,3.654475,2015
6.603851,3.4960222,2015
6.5004525,3.596909,2015
6.219698,4.658014,2015
6.0158424,4.882543,2015
5.5161037,5.708096,2015
8.4871,4.5553613,2015
6.191555,5.061456,2015
6.336651,5.596744,2015
6.356714,5.634779,2015
6.317234,5.6575785,2015
6.3099527,5.698529,2015
5.750045,6.000579,2015
6.115543,6.176619,2015
6.127198,6.1949167,2015
6.1350875,6.2795153,2015
5.923502,6.265306,2015
-2.99639,36.01396,2008
-2.14105,35.74726,2008
-3.35091,36.89004,2008
-8.55092,34.83927,2008
-8.54986,35.33965,2008
-8.52116,35.35015,2008
-8.10367,36.50537,2008
-7.51307,36.44244,2008
-8.13215,36.66838,2008
-7.18549,37.55981,2008
-6.91555,37.84035,2008
-6.82198,37.66124,2008
-6.80069,37.64569,2008
-3.37513,36.68608,2008
-6.74183,37.66446,2008
-6.87541,37.59038,2008
-6.18398,37.71068,2008
-6.631,38.34793,2008
-6.9292,38.72658,2008
-6.92289,39.25573,2008
-6.92326,39.2553,2008
-6.87249,39.25865,2008
-6.87345,39.2765,2008
-6.88215,39.27343,2008
-3.38642,36.65679,2008
-6.88431,39.2472,2008
-6.91527,39.16346,2008
-6.87904,39.17003,2008
-6.75428,39.07978,2008
-6.79074,39.15376,2008
-6.86443,39.12887,2008
-6.86357,39.19025,2008
-6.81499,39.2002,2008
-6.79904,39.22717,2008
-6.82288,39.22634,2008
-3.37486,36.67036,2008
-6.85671,39.2534,2008
-6.83864,39.2408,2008
-6.85413,39.26045,2008
-6.8534,39.26469,2008
-6.86322,39.25945,2008
-6.85726,39.26981,2008
-6.83673,39.32035,2008
-6.83287,39.28047,2008
-6.79668,39.27009,2008
-6.80237,39.26147,2008
-3.20541,37.18751,2008
-6.81004,39.26061,2008
-6.80871,39.26418,2008
-6.81687,39.2546,2008
-6.82056,39.2575,2008
-6.81451,39.24692,2008
-6.80638,39.24568,2008
-6.79885,39.25601,2008
-6.79812,39.24748,2008
-6.79736,39.24054,2008
-6.79211,39.24647,2008
-3.32549,37.1601,2008
-6.77528,39.24372,2008
-6.76412,39.25102,2008
-6.78147,39.26946,2008
-6.78574,39.26777,2008
-6.78729,39.26828,2008
-6.78935,39.27662,2008
-6.78037,39.22378,2008
-6.79489,39.2175,2008
-6.79006,39.20997,2008
-6.79612,39.20461,2008
-3.31003,37.06694,2008
-6.79749,39.1567,2008
-6.6974,39.1924,2008
-6.72952,39.21523,2008
-6.66244,39.18324,2008
-6.66645,39.07603,2008
-6.6839,39.10888,2008
-6.61633,38.79496,2008
-6.44118,38.90188,2008
-6.16068,39.19523,2008
-6.17375,39.20115,2008
-3.58986,36.97372,2008
-6.17353,39.20417,2008
-6.16794,39.21338,2008
-6.1663,39.21525,2008
-6.17622,39.23213,2008
-6.16637,39.23099,2008
-6.17187,39.2235,2008
-6.15414,39.21794,2008
-6.1642,39.21239,2008
-6.15899,39.20437,2008
-6.16132,39.198,2008
-3.55024,37.01334,2008
-6.14549,39.21454,2008
-6.12038,39.22726,2008
-6.05552,39.21773,2008
-6.1073,39.21884,2008
-6.0968,39.23536,2008
-6.0392,39.30673,2008
-6.09607,39.2952,2008
-6.16312,39.25049,2008
-6.19072,39.26815,2008
-6.19688,39.22027,2008
-3.58155,36.96759,2008
-6.20193,39.20952,2008
-6.21077,39.21368,2008
-6.20928,39.20999,2008
-6.18554,39.21664,2008
-6.29604,39.2918,2008
-6.44204,39.48952,2008
-6.41226,39.54842,2008
-6.16712,39.43732,2008
-6.835,39.32584,2008
-6.86236,39.34501,2008
-3.36413,35.80254,2008
-3.57457,36.93854,2008
-6.92036,39.3245,2008
-7.0995,39.43726,2008
-7.15794,39.52512,2008
-7.42397,39.10071,2008
-8.06122,39.15125,2008
-8.12542,39.21822,2008
-8.05018,39.73047,2008
-10.13092,39.99642,2008
-10.27434,40.18814,2008
-10.38659,39.98886,2008
-3.64001,37.65588,2008
-10.31199,40.14696,2008
-10.28557,40.19746,2008
-10.33497,40.22398,2008
-11.31545,34.7863,2008
-11.17032,34.99647,2008
-11.49701,35.60763,2008
-11.01194,37.26911,2008
-10.93099,39.40372,2008
-10.62985,39.88157,2008
-10.7963,39.517,2008
-3.78653,37.71141,2008
-10.72779,39.40541,2008
-10.83349,39.38815,2008
-10.57839,39.36464,2008
-10.78343,39.1128,2008
-10.92088,39.29269,2008
-10.95055,39.27777,2008
-10.72217,38.80387,2008
-10.77808,38.76734,2008
-10.92023,38.47628,2008
-11.07245,37.31925,2008
-3.09666,37.63921,2008
-11.06224,37.30518,2008
-11.02628,37.36247,2008
-10.97143,37.39885,2008
-10.22432,37.87676,2008
-9.80098,37.89751,2008
-10.58353,38.0273,2008
-10.56733,38.92812,2008
-10.07181,38.93771,2008
-10.23872,38.92238,2008
-10.11432,39.24439,2008
-3.26311,37.57699,2008
-10.2345,39.28193,2008
-10.457,39.07662,2008
-10.4334,39.77963,2008
-10.29863,39.88513,2008
-10.04944,39.70264,2008
-9.99362,39.68323,2008
-9.92298,39.32835,2008
-10.02512,38.89016,2008
-9.10623,39.56222,2008
-8.92919,39.53435,2008
-3.30996,37.47369,2008
-8.74723,39.4152,2008
-8.57616,39.2325,2008
-8.82654,38.87871,2008
-9.59512,37.4031,2008
-8.73648,36.72077,2008
-8.66419,36.72074,2008
-10.54808,36.32186,2008
-10.09876,35.90295,2008
-10.79206,35.75554,2008
-10.60553,35.48898,2008
-3.33002,37.38288,2008
-10.56993,35.35346,2008
-10.98745,34.89339,2008
-11.10879,34.64217,2008
-10.56631,34.61723,2008
-10.08423,34.57979,2008
-10.07859,34.65861,2008
-9.06518,34.79321,2008
-9.28035,34.71855,2008
-9.42749,33.9739,2008
-9.15959,33.83051,2008
-3.19666,37.61538,2008
-8.97687,33.9532,2008
-9.16791,33.5433,2008
-8.9105,33.5714,2008
-8.89496,33.50245,2008
-9.13846,33.33795,2008
-9.24648,33.35499,2008
-9.47918,33.12928,2008
-9.27084,33.60054,2008
-9.63818,33.96001,2008
-9.82216,34.45354,2008
-3.11116,37.59644,2008
-9.43041,33.06619,2008
-9.14704,32.88021,2008
-7.37151,30.62583,2008
-7.53907,31.1187,2008
-7.64023,31.01597,2008
-7.65728,31.57944,2008
-8.72443,31.96701,2008
-7.9422,31.70183,2008
-8.42501,33.02092,2008
-8.89052,33.02123,2008
-5.01132,39.83066,2008
-8.88663,33.13468,2008
-8.69687,33.28856,2008
-8.44556,33.1464,2008
-8.63875,34.33124,2008
-7.78743,33.40737,2008
-7.81785,31.77559,2008
-5.62882,32.90013,2008
-6.34859,33.8467,2008
-5.95234,34.06207,2008
-4.96519,33.5119,2008
-3.37219,35.70721,2008
-5.14569,39.79803,2008
-4.40128,34.27271,2008
-4.22923,34.42704,2008
-4.20855,33.80453,2008
-4.55692,33.43841,2008
-4.38972,33.22707,2008
-5.04053,32.7996,2008
-5.11964,32.89586,2008
-5.36029,32.71774,2008
-4.57707,32.15588,2008
-5.11765,31.03582,2008
-5.17284,39.7788,2008
-6.35252,31.29021,2008
-6.33328,31.07754,2008
-6.34828,31.06974,2008
-5.53772,30.34239,2008
-4.7132,29.76647,2008
-4.63663,29.83929,2008
-4.58299,30.10149,2008
-2.82957,30.46029,2008
-2.49121,30.58425,2008
-3.78007,30.4384,2008
-5.00411,39.734,2008
-3.75139,30.62367,2008
-3.65042,30.6651,2008
-3.58528,30.71573,2008
-4.07716,30.26002,2008
-4.20028,30.5036,2008
-4.29895,30.16725,2008
-4.36538,30.40346,2008
-4.08606,32.23715,2008
-3.7766,32.15614,2008
-3.43569,31.83886,2008
-5.0571,39.72959,2008
-3.3538,32.42792,2008
-3.26197,32.43805,2008
-3.28504,32.83058,2008
-3.31978,32.97354,2008
-4.25815,32.54366,2008
-4.23443,33.17461,2008
-3.73844,33.16549,2008
-3.83764,33.7,2008
-4.09812,33.93004,2008
-4.14498,33.98512,2008
-5.06196,39.72641,2008
-3.71006,33.94072,2008
-3.61066,33.83102,2008
-3.58491,34.19259,2008
-3.20156,34.09929,2008
-3.19409,33.49077,2008
-3.55834,33.4167,2008
-3.64329,33.39697,2008
-2.62812,33.31538,2008
-2.72172,33.78029,2008
-3.06143,33.75446,2008
-5.06405,39.72781,2008
-2.8971,34.13229,2008
-2.49327,32.91048,2008
-3.16867,31.94826,2008
-3.15146,31.89575,2008
-2.63061,31.96993,2008
-1.63967,31.7208,2008
-1.57091,31.67204,2008
-1.33565,31.82294,2008
-1.33945,31.78772,2008
-1.3385,31.68468,2008
-4.93774,39.77334,2008
-1.21342,31.6655,2008
-2.01701,32.86828,2008
-2.03342,33.86883,2008
-1.56409,34.07376,2008
-1.32478,34.35497,2008
-1.51117,33.77141,2008
-1.21301,31.46395,2008
-1.49855,31.07673,2008
-2.05796,31.4551,2008
-1.81423,30.94354,2008
-5.10339,39.63456,2008
-1.05878,30.69701,2008
-5.35541,39.65016,2008
-5.40396,39.69423,2008
-3.21051,35.35704,2008
-5.36837,39.70213,2008
-5.36753,39.66489,2008
-5.2366,39.76828,2008
-5.20485,39.78948,2008
-5.23725,39.79098,2008
-5.23222,39.78032,2008
-5.26196,39.79021,2008
-5.26127,39.82056,2008
-5.24215,39.82649,2008
-5.83771,39.22,2008
-4.05436,35.25405,2008
-5.87983,39.2423,2008
-5.83982,39.28684,2008
-5.84791,39.29575,2008
-5.93941,39.24177,2008
-5.94671,39.23886,2008
-5.97051,39.29969,2008
-5.97757,39.2446,2008
-5.93604,39.22209,2008
-5.53957,38.8611,2008
-4.99453,39.08352,2008
-3.20438,35.9282,2008
-5.2367,38.69999,2008
-5.07731,38.59898,2008
-5.02784,38.56097,2008
-5.17263,38.47192,2008
-5.42298,37.9864,2008
-5.63383,38.40159,2008
-5.72716,38.18618,2008
-5.9564,37.66168,2008
-5.49977,37.55692,2008
-4.98131,38.50667,2008
-3.41634,36.64163,2008
-4.71856,38.28436,2008
-4.36689,38.05556,2008
-4.34103,37.84385,2008
-4.33612,36.95252,2008
-4.18987,35.69971,2008
-4.50738,35.23749,2008
-4.22553,35.32476,2008
-4.80935,34.75408,2008
-4.92398,34.70409,2008
-5.08575,35.85439,2008
-3.48032,36.70207,2008
-5.49993,34.97288,2008
-5.5666,34.66801,2008
-5.95328,35.24438,2008
-6.05863,35.52204,2008
-5.99373,35.85198,2008
-6.22962,36.41333,2008
-6.17725,36.47575,2008
-5.94781,35.91746,2008
-6.32727,37.00639,2008
-6.45662,36.72286,2008
-3.4244,36.8397,2008
-6.5433,37.1817,2008
-6.61401,36.50866,2008
-6.39156,35.89621,2008
-6.37526,35.64825,2008
-7.67613,35.73631,2008
-7.74167,35.69744,2008
-7.74435,35.70446,2008
-7.78975,35.6726,2008
-7.94042,35.06478,2008
-8.40263,34.74558,2008
-2.99639,36.01396,2012
-2.14105,35.74726,2012
-3.36413,35.80254,2012
-3.37219,35.70721,2012
-3.21051,35.35704,2012
-4.05436,35.25405,2012
-3.20438,35.9282,2012
-3.41634,36.64163,2012
-3.48032,36.70207,2012
-3.4244,36.8397,2012
-3.35091,36.89004,2012
-3.37513,36.68608,2012
-3.38642,36.65679,2012
-3.37486,36.67036,2012
-3.20541,37.18751,2012
-3.32549,37.1601,2012
-3.31003,37.06694,2012
-3.58986,36.97372,2012
-3.55024,37.01334,2012
-3.58155,36.96759,2012
-3.57457,36.93854,2012
-3.64001,37.65588,2012
-3.78653,37.71141,2012
-3.09666,37.63921,2012
-3.26311,37.57699,2012
-3.30996,37.47369,2012
-3.33002,37.38288,2012
-3.19666,37.61538,2012
-3.11116,37.59644,2012
-4.96328,39.83047,2012
-5.01132,39.83066,2012
-5.14569,39.79803,2012
-5.17284,39.7788,2012
-5.00411,39.734,2012
-5.0571,39.72959,2012
-5.06196,39.72641,2012
-5.06405,39.72781,2012
-4.93774,39.77334,2012
-5.10339,39.63456,2012
-5.35541,39.65016,2012
-5.40396,39.69423,2012
-5.36837,39.70213,2012
-5.36753,39.66489,2012
-5.20485,39.78948,2012
-5.23725,39.79098,2012
-5.23222,39.78032,2012
-5.26196,39.79021,2012
-5.26127,39.82056,2012
-5.24215,39.82649,2012
-5.83771,39.22,2012
-5.87983,39.2423,2012
-5.83982,39.28684,2012
-5.84791,39.29575,2012
-5.93941,39.24177,2012
-5.94671,39.23886,2012
-5.97051,39.29969,2012
-5.97757,39.2446,2012
-5.93604,39.22209,2012
-5.53957,38.8611,2012
-4.99453,39.08352,2012
-5.2367,38.69999,2012
-5.07731,38.59898,2012
-5.02784,38.56097,2012
-5.17263,38.47192,2012
-5.42298,37.9864,2012
-5.63383,38.40159,2012
-5.72716,38.18618,2012
-5.9564,37.66168,2012
-5.49977,37.55692,2012
-4.71856,38.28436,2012
-4.36689,38.05556,2012
-4.34103,37.84385,2012
-4.33612,36.95252,2012
-4.50738,35.23749,2012
-4.22553,35.32476,2012
-4.92398,34.70409,2012
-5.08575,35.85439,2012
-5.49993,34.97288,2012
-5.5666,34.66801,2012
-5.95328,35.24438,2012
-6.05863,35.52204,2012
-5.99373,35.85198,2012
-6.22962,36.41333,2012
-6.17725,36.47575,2012
-5.94781,35.91746,2012
-6.45662,36.72286,2012
-6.5433,37.1817,2012
-6.61401,36.50866,2012
-6.39156,35.89621,2012
-6.37526,35.64825,2012
-7.67613,35.73631,2012
-7.74167,35.69744,2012
-7.74435,35.70446,2012
-7.78975,35.6726,2012
-7.94042,35.06478,2012
-8.40263,34.74558,2012
-8.55092,34.83927,2012
-8.54986,35.33965,2012
-8.52116,35.35015,2012
-8.10367,36.50537,2012
-8.13215,36.66838,2012
-7.18549,37.55981,2012
-6.91555,37.84035,2012
-6.82198,37.66124,2012
-6.80069,37.64569,2012
-6.74183,37.66446,2012
-6.18398,37.71068,2012
-6.631,38.34793,2012
-6.9292,38.72658,2012
-6.92289,39.25573,2012
-6.87249,39.25865,2012
-6.87345,39.2765,2012
-6.88215,39.27343,2012
-6.91527,39.16346,2012
-6.87904,39.17003,2012
-6.75428,39.07978,2012
-6.79074,39.15376,2012
-6.86443,39.12887,2012
-6.86357,39.19025,2012
-6.81499,39.2002,2012
-6.79904,39.22717,2012
-6.85671,39.2534,2012
-6.83864,39.2408,2012
-6.85413,39.26045,2012
-6.86322,39.25945,2012
-6.85726,39.26981,2012
-6.83673,39.32035,2012
-6.83287,39.28047,2012
-6.80237,39.26147,2012
-6.81004,39.26061,2012
-6.80871,39.26418,2012
-6.81687,39.2546,2012
-6.81451,39.24692,2012
-6.80638,39.24568,2012
-6.79885,39.25601,2012
-6.79812,39.24748,2012
-6.79736,39.24054,2012
-6.79211,39.24647,2012
-6.77528,39.24372,2012
-6.78147,39.26946,2012
-6.78574,39.26777,2012
-6.78037,39.22378,2012
-6.79489,39.2175,2012
-6.79006,39.20997,2012
-6.79612,39.20461,2012
-6.6974,39.1924,2012
-6.72952,39.21523,2012
-6.66244,39.18324,2012
-6.66645,39.07603,2012
-6.6839,39.10888,2012
-6.61633,38.79496,2012
-6.44118,38.90188,2012
-6.16068,39.19523,2012
-6.17375,39.20115,2012
-6.16794,39.21338,2012
-6.1663,39.21525,2012
-6.17622,39.23213,2012
-6.17187,39.2235,2012
-6.15414,39.21794,2012
-6.1642,39.21239,2012
-6.15899,39.20437,2012
-6.16132,39.198,2012
-6.14549,39.21454,2012
-6.12038,39.22726,2012
-6.05552,39.21773,2012
-6.0968,39.23536,2012
-6.0392,39.30673,2012
-6.09607,39.2952,2012
-6.16312,39.25049,2012
-6.19688,39.22027,2012
-6.20193,39.20952,2012
-6.21077,39.21368,2012
-6.20928,39.20999,2012
-6.18554,39.21664,2012
-6.29604,39.2918,2012
-6.44204,39.48952,2012
-6.41226,39.54842,2012
-6.16712,39.43732,2012
-6.835,39.32584,2012
-6.86236,39.34501,2012
-6.92036,39.3245,2012
-7.0995,39.43726,2012
-7.15794,39.52512,2012
-7.42397,39.10071,2012
-8.06122,39.15125,2012
-8.12542,39.21822,2012
-10.13092,39.99642,2012
-10.27434,40.18814,2012
-10.27132,40.17414,2012
-10.38659,39.98886,2012
-10.31199,40.14696,2012
-10.33497,40.22398,2012
-11.31545,34.7863,2012
-11.17032,34.99647,2012
-11.49701,35.60763,2012
-11.01194,37.26911,2012
-10.93099,39.40372,2012
-10.83161,39.73888,2012
-10.7963,39.517,2012
-10.72779,39.40541,2012
-10.57839,39.36464,2012
-10.92088,39.29269,2012
-10.72217,38.80387,2012
-10.77808,38.76734,2012
-10.92023,38.47628,2012
-11.07245,37.31925,2012
-11.06224,37.30518,2012
-11.02628,37.36247,2012
-10.97143,37.39885,2012
-9.80098,37.89751,2012
-9.80361,37.98105,2012
-10.58353,38.0273,2012
-10.56733,38.92812,2012
-10.23872,38.92238,2012
-10.11432,39.24439,2012
-10.457,39.07662,2012
-10.4334,39.77963,2012
-10.29863,39.88513,2012
-10.04944,39.70264,2012
-9.99362,39.68323,2012
-9.92298,39.32835,2012
-10.02512,38.89016,2012
-9.10623,39.56222,2012
-8.92919,39.53435,2012
-8.74723,39.4152,2012
-8.57616,39.2325,2012
-8.82654,38.87871,2012
-9.59512,37.4031,2012
-8.73648,36.72077,2012
-8.66419,36.72074,2012
-10.54808,36.32186,2012
-10.09876,35.90295,2012
-10.79206,35.75554,2012
-10.60553,35.48898,2012
-10.56993,35.35346,2012
-10.98745,34.89339,2012
-11.10879,34.64217,2012
-10.56631,34.61723,2012
-10.07859,34.65861,2012
-9.06518,34.79321,2012
-9.28035,34.71855,2012
-9.42749,33.9739,2012
-9.15959,33.83051,2012
-8.97687,33.9532,2012
-9.16791,33.5433,2012
-8.9105,33.5714,2012
-8.89496,33.50245,2012
-9.24648,33.35499,2012
-9.47918,33.12928,2012
-9.27084,33.60054,2012
-9.63818,33.96001,2012
-9.82216,34.45354,2012
-9.43041,33.06619,2012
-9.14704,32.88021,2012
-7.37151,30.62583,2012
-7.53907,31.1187,2012
-7.64023,31.01597,2012
-7.65728,31.57944,2012
-7.9422,31.70183,2012
-8.42501,33.02092,2012
-8.89052,33.02123,2012
-8.88663,33.13468,2012
-8.69687,33.28856,2012
-8.63875,34.33124,2012
-7.78743,33.40737,2012
-7.81785,31.77559,2012
-5.62882,32.90013,2012
-6.34859,33.8467,2012
-5.95234,34.06207,2012
-4.96519,33.5119,2012
-4.40128,34.27271,2012
-4.22923,34.42704,2012
-4.20855,33.80453,2012
-4.55692,33.43841,2012
-4.38972,33.22707,2012
-5.04053,32.7996,2012
-5.11964,32.89586,2012
-5.36029,32.71774,2012
-4.57707,32.15588,2012
-5.11765,31.03582,2012
-6.35252,31.29021,2012
-6.33328,31.07754,2012
-6.34828,31.06974,2012
-4.7132,29.76647,2012
-4.63663,29.83929,2012
-4.58299,30.10149,2012
-2.88615,30.78634,2012
-2.49121,30.58425,2012
-3.78007,30.4384,2012
-3.75139,30.62367,2012
-3.65042,30.6651,2012
-3.58528,30.71573,2012
-4.07716,30.26002,2012
-4.20028,30.5036,2012
-4.29895,30.16725,2012
-4.36538,30.40346,2012
-4.08606,32.23715,2012
-3.7766,32.15614,2012
-3.43569,31.83886,2012
-3.3538,32.42792,2012
-3.26197,32.43805,2012
-3.28504,32.83058,2012
-3.31978,32.97354,2012
-4.25815,32.54366,2012
-4.23443,33.17461,2012
-3.73844,33.16549,2012
-3.83764,33.7,2012
-4.09812,33.93004,2012
-4.14498,33.98512,2012
-3.61066,33.83102,2012
-3.58491,34.19259,2012
-3.20156,34.09929,2012
-3.19409,33.49077,2012
-3.55834,33.4167,2012
-3.64329,33.39697,2012
-2.62812,33.31538,2012
-2.72172,33.78029,2012
-3.06143,33.75446,2012
-2.8971,34.13229,2012
-3.16867,31.94826,2012
-3.15146,31.89575,2012
-2.63061,31.96993,2012
-1.33565,31.82294,2012
-2.01701,32.86828,2012
-1.56409,34.07376,2012
-1.32478,34.35497,2012
-1.51117,33.77141,2012
-1.21301,31.46395,2012
0.358215,30.085194,2005
0.058414,29.949335,2005
0.887236,30.693213,2005
0.333188,32.570656,2005
0.33075,32.542137,2005
0.317143,32.537323,2005
0.344782,32.58753,2005
0.337205,32.60859,2005
0.303221,32.619747,2005
0.289273,32.615974,2005
0.301655,32.60055,2005
0.313045,32.569145,2005
0.30461,32.543774,2005
0.822012,30.792131,2005
0.28986,32.553036,2005
0.261842,32.556755,2005
0.273187,32.62481,2005
0.306104,32.635963,2005
0.372613,32.756374,2005
0.435742,32.803734,2005
0.423703,33.61217,2005
0.432437,33.240677,2005
0.485488,33.238556,2005
0.551319,33.125862,2005
0.728758,30.64659,2005
0.545564,33.093765,2005
0.513224,33.41771,2005
0.625763,33.288773,2005
0.900534,33.101513,2005
0.924405,33.13051,2005
0.711598,33.684834,2005
0.674983,33.519897,2005
0.623697,33.474148,2005
0.615905,33.470055,2005
0.572828,33.474026,2005
0.640799,30.301283,2005
0.696242,34.109386,2005
0.696135,34.002964,2005
0.819429,34.094074,2005
0.711118,34.173637,2005
0.431405,33.81264,2005
1.845589,34.72316,2005
2.357444,34.586277,2005
2.581154,34.575676,2005
2.566242,34.64048,2005
-0.530628,32.32749,2005
0.626914,30.277119,2005
-0.903627,31.765472,2005
-0.887125,31.711088,2005
-0.576782,31.691637,2005
-0.43912,31.71195,2005
-0.292248,31.478722,2005
-0.503361,31.61607,2005
-0.508831,31.333286,2005
-0.608761,30.67223,2005
-0.560572,30.6788,2005
-0.553773,30.303692,2005
0.578552,30.161201,2005
-0.760571,30.179094,2005
-0.745039,30.424814,2005
-0.697438,30.477415,2005
-0.867663,30.354115,2005
-0.860807,30.269276,2005
-0.982337,30.459738,2005
-0.518612,31.194437,2005
-0.639231,31.529987,2005
-1.255216,30.05682,2005
-1.24143,29.961166,2005
1.256083,30.810326,2005
-1.1506,29.672838,2005
-0.920324,29.80123,2005
-0.964901,29.959688,2005
-0.987177,30.129835,2005
-0.549797,30.06752,2005
-0.640431,29.805983,2005
1.361871,31.451387,2005
1.474652,31.338894,2005
1.445643,31.334763,2005
0.213035,31.052639,2005
1.441957,31.155403,2005
1.626025,31.584976,2005
3.574262,31.132486,2005
3.439342,31.218246,2005
3.251354,31.404354,2005
3.281497,31.564133,2005
3.0139,31.34415,2005
2.741376,30.961313,2005
2.788371,30.909168,2005
3.065713,30.941221,2005
0.145367,31.231058,2005
3.092293,30.889103,2005
2.472384,31.062204,2005
2.494488,31.09231,2005
2.356898,31.417545,2005
2.117684,32.5353,2005
2.311136,32.984913,2005
2.316163,32.940353,2005
2.21651,32.889805,2005
2.505306,32.383907,2005
2.875722,32.37756,2005
0.405372,31.478058,2005
2.980754,32.311844,2005
2.769515,32.29514,2005
2.818747,32.280212,2005
2.761965,32.33206,2005
3.590473,31.725683,2005
3.52507,31.713505,2005
3.692567,31.731667,2005
3.309157,32.873867,2005
3.364754,33.060352,2005
3.322917,33.00099,2005
0.552687,31.382027,2005
3.035457,34.04506,2005
3.038332,34.147022,2005
3.086549,34.137653,2005
1.663689,33.967888,2005
1.531584,34.050114,2005
1.073454,34.16504,2005
1.151655,34.26159,2005
1.218424,34.27043,2005
1.245738,34.263573,2005
1.2608,33.797054,2005
0.537968,31.368237,2005
1.312257,33.834137,2005
1.37214,33.907967,2005
1.475996,33.917168,2005
1.700414,33.688522,2005
1.740958,33.58334,2005
1.771006,33.45145,2005
1.677468,32.37013,2005
1.834834,32.384174,2005
1.905335,32.371998,2005
1.978714,32.52962,2005
1.020718,31.124214,2005
1.746652,31.670069,2005
1.694317,31.711855,2005
1.746609,32.167084,2005
1.060103,33.010223,2005
0.827235,32.844086,2005
0.73291,32.95876,2005
0.726581,32.918507,2005
0.662385,32.70914,2005
0.589527,32.623108,2005
0.712145,32.52943,2005
0.940079,30.811918,2005
0.827927,31.843466,2005
0.630705,31.787724,2005
0.586751,31.718157,2005
0.48072,31.693167,2005
0.07161,32.092873,2005
0.039344,32.540386,2005
0.218554,32.539898,2005
0.265681,32.462753,2005
0.305941,32.529144,2005
0.326054,32.510406,2005
1.009102,30.55778,2005
0.375993,32.535873,2005
0.347713,32.68298,2005
0.321928,32.63809,2005
0.328185,32.634068,2005
0.350127,32.669987,2005
0.36772,32.62396,2005
0.368404,32.590256,2005
0.365141,32.597015,2005
0.378049,32.59413,2005
0.371429,32.565063,2005
-0.530628,32.32749,2009
-0.903627,31.765472,2009
-0.887125,31.711088,2009
-0.576782,31.691637,2009
-0.43912,31.71195,2009
-0.292248,31.478722,2009
-0.503361,31.61607,2009
-0.508831,31.333286,2009
-0.608761,30.67223,2009
-0.560572,30.6788,2009
-0.553773,30.303692,2009
-0.760571,30.179094,2009
-0.745039,30.424814,2009
-0.697438,30.477415,2009
-0.867663,30.354115,2009
-0.860807,30.269276,2009
-0.982337,30.459738,2009
-0.518612,31.194437,2009
-0.639231,31.529987,2009
-1.255216,30.05682,2009
-1.24143,29.961166,2009
-1.1506,29.672838,2009
-0.920324,29.80123,2009
-0.964901,29.959688,2009
-0.987177,30.129835,2009
-0.549797,30.06752,2009
-0.640431,29.805983,2009
0.358215,30.085194,2009
0.058414,29.949335,2009
0.213035,31.052639,2009
0.145367,31.231058,2009
0.405372,31.478058,2009
0.552687,31.382027,2009
0.537968,31.368237,2009
1.020718,31.124214,2009
0.940079,30.811918,2009
1.009102,30.55778,2009
0.887236,30.693213,2009
0.822012,30.792131,2009
0.728758,30.64659,2009
0.640799,30.301283,2009
0.626914,30.277119,2009
0.578552,30.161201,2009
1.256083,30.810326,2009
1.361871,31.451387,2009
1.474652,31.338894,2009
1.445643,31.334763,2009
1.441957,31.155403,2009
1.626025,31.584976,2009
3.574262,31.132486,2009
3.439342,31.218246,2009
3.251354,31.404354,2009
3.281497,31.564133,2009
3.0139,31.34415,2009
2.741376,30.961313,2009
2.788371,30.909168,2009
3.065713,30.941221,2009
3.092293,30.889103,2009
2.472384,31.062204,2009
2.494488,31.09231,2009
2.356898,31.417545,2009
2.117684,32.5353,2009
2.311136,32.984913,2009
2.316163,32.940353,2009
2.21651,32.889805,2009
2.505306,32.383907,2009
2.875722,32.37756,2009
2.980754,32.311844,2009
2.769515,32.29514,2009
2.818747,32.280212,2009
2.761965,32.33206,2009
3.590473,31.725683,2009
3.52507,31.713505,2009
3.692567,31.731667,2009
3.309157,32.873867,2009
3.364754,33.060352,2009
3.322917,33.00099,2009
3.035457,34.04506,2009
3.038332,34.147022,2009
1.663689,33.967888,2009
1.531584,34.050114,2009
1.073454,34.16504,2009
1.151655,34.26159,2009
1.218424,34.27043,2009
1.245738,34.263573,2009
1.2608,33.797054,2009
1.312257,33.834137,2009
1.37214,33.907967,2009
1.475996,33.917168,2009
1.700414,33.688522,2009
1.740958,33.58334,2009
1.771006,33.45145,2009
1.677468,32.37013,2009
1.834834,32.384174,2009
1.905335,32.371998,2009
1.978714,32.52962,2009
1.746652,31.670069,2009
1.694317,31.711855,2009
1.746609,32.167084,2009
1.060103,33.010223,2009
0.827235,32.844086,2009
0.73291,32.95876,2009
0.726581,32.918507,2009
0.662385,32.70914,2009
0.589527,32.623108,2009
0.712145,32.52943,2009
0.827927,31.843466,2009
0.630705,31.787724,2009
0.586751,31.718157,2009
0.48072,31.693167,2009
0.07161,32.092873,2009
0.039344,32.540386,2009
0.218554,32.539898,2009
0.265681,32.462753,2009
0.305941,32.529144,2009
0.326054,32.510406,2009
0.375993,32.535873,2009
0.347713,32.68298,2009
0.321928,32.63809,2009
0.328185,32.634068,2009
0.350127,32.669987,2009
0.36772,32.62396,2009
0.368404,32.590256,2009
0.365141,32.597015,2009
0.378049,32.59413,2009
0.371429,32.565063,2009
0.333188,32.570656,2009
0.33075,32.542137,2009
0.317143,32.537323,2009
0.344782,32.58753,2009
0.337205,32.60859,2009
0.303221,32.619747,2009
0.289273,32.615974,2009
0.301655,32.60055,2009
0.313045,32.569145,2009
0.30461,32.543774,2009
0.28986,32.553036,2009
0.261842,32.556755,2009
0.273187,32.62481,2009
0.306104,32.635963,2009
0.372613,32.756374,2009
0.435742,32.803734,2009
0.423703,33.61217,2009
0.432437,33.240677,2009
0.485488,33.238556,2009
0.551319,33.125862,2009
0.545564,33.093765,2009
0.513224,33.41771,2009
0.625763,33.288773,2009
0.900534,33.101513,2009
0.924405,33.13051,2009
0.711598,33.684834,2009
0.674983,33.519897,2009
0.623697,33.474148,2009
0.615905,33.470055,2009
0.572828,33.474026,2009
0.696242,34.109386,2009
0.696135,34.002964,2009
0.819429,34.094074,2009
0.711118,34.173637,2009
0.431405,33.81264,2009
1.845589,34.72316,2009
2.357444,34.586277,2009
2.581154,34.575676,2009
2.566242,34.64048,2009
0.358215,30.085194,2013
0.058414,29.949335,2013
0.887236,30.693213,2013
0.333188,32.570656,2013
0.33075,32.542137,2013
0.317143,32.537323,2013
0.344782,32.58753,2013
0.337205,32.60859,2013
0.303221,32.619747,2013
0.289273,32.615974,2013
0.301655,32.60055,2013
0.313045,32.569145,2013
0.30461,32.543774,2013
0.822012,30.792131,2013
0.28986,32.553036,2013
0.261842,32.556755,2013
0.273187,32.62481,2013
0.306104,32.635963,2013
0.372613,32.756374,2013
0.435742,32.803734,2013
0.423703,33.61217,2013
0.432437,33.240677,2013
0.485488,33.238556,2013
0.551319,33.125862,2013
0.728758,30.64659,2013
0.545564,33.093765,2013
0.513224,33.41771,2013
0.625763,33.288773,2013
0.900534,33.101513,2013
0.924405,33.13051,2013
0.711598,33.684834,2013
0.674983,33.519897,2013
0.623697,33.474148,2013
0.615905,33.470055,2013
0.572828,33.474026,2013
0.640799,30.301283,2013
0.696242,34.109386,2013
0.696135,34.002964,2013
0.819429,34.094074,2013
0.711118,34.173637,2013
0.431405,33.81264,2013
1.845589,34.72316,2013
2.357444,34.586277,2013
2.581154,34.575676,2013
2.566242,34.64048,2013
0.626914,30.277119,2013
0.578552,30.161201,2013
1.256083,30.810326,2013
1.361871,31.451387,2013
1.474652,31.338894,2013
1.445643,31.334763,2013
0.213035,31.052639,2013
1.441957,31.155403,2013
1.626025,31.584976,2013
3.574262,31.132486,2013
3.439342,31.218246,2013
3.251354,31.404354,2013
3.281497,31.564133,2013
3.0139,31.34415,2013
2.741376,30.961313,2013
2.788371,30.909168,2013
3.065713,30.941221,2013
0.145367,31.231058,2013
3.092293,30.889103,2013
2.472384,31.062204,2013
2.494488,31.09231,2013
2.356898,31.417545,2013
2.117684,32.5353,2013
2.311136,32.984913,2013
2.316163,32.940353,2013
2.21651,32.889805,2013
2.505306,32.383907,2013
2.875722,32.37756,2013
0.405372,31.478058,2013
2.980754,32.311844,2013
2.769515,32.29514,2013
2.818747,32.280212,2013
2.761965,32.33206,2013
3.590473,31.725683,2013
3.52507,31.713505,2013
3.692567,31.731667,2013
-0.530628,32.32749,2013
-0.903627,31.765472,2013
-0.887125,31.711088,2013
-0.576782,31.691637,2013
3.309157,32.873867,2013
-0.43912,31.71195,2013
-0.292248,31.478722,2013
-0.503361,31.61607,2013
-0.508831,31.333286,2013
-0.608761,30.67223,2013
-0.560572,30.6788,2013
-0.553773,30.303692,2013
-0.760571,30.179094,2013
-0.745039,30.424814,2013
-0.697438,30.477415,2013
3.364754,33.060352,2013
-0.867663,30.354115,2013
-0.860807,30.269276,2013
-0.982337,30.459738,2013
-0.518612,31.194437,2013
-0.639231,31.529987,2013
-1.255216,30.05682,2013
-1.24143,29.961166,2013
-1.1506,29.672838,2013
-0.920324,29.80123,2013
3.322917,33.00099,2013
-0.964901,29.959688,2013
-0.987177,30.129835,2013
-0.549797,30.06752,2013
-0.640431,29.805983,2013
0.552687,31.382027,2013
3.035457,34.04506,2013
3.038332,34.147022,2013
3.086549,34.137653,2013
1.663689,33.967888,2013
1.531584,34.050114,2013
1.073454,34.16504,2013
1.151655,34.26159,2013
1.218424,34.27043,2013
1.245738,34.263573,2013
1.2608,33.797054,2013
0.537968,31.368237,2013
1.312257,33.834137,2013
1.37214,33.907967,2013
1.475996,33.917168,2013
1.700414,33.688522,2013
1.740958,33.58334,2013
1.771006,33.45145,2013
1.677468,32.37013,2013
1.834834,32.384174,2013
1.905335,32.371998,2013
1.978714,32.52962,2013
1.020718,31.124214,2013
1.746652,31.670069,2013
1.694317,31.711855,2013
1.746609,32.167084,2013
1.060103,33.010223,2013
0.827235,32.844086,2013
0.73291,32.95876,2013
0.726581,32.918507,2013
0.662385,32.70914,2013
0.589527,32.623108,2013
0.712145,32.52943,2013
0.940079,30.811918,2013
0.827927,31.843466,2013
0.630705,31.787724,2013
0.586751,31.718157,2013
0.48072,31.693167,2013
0.07161,32.092873,2013
0.039344,32.540386,2013
0.218554,32.539898,2013
0.265681,32.462753,2013
0.305941,32.529144,2013
0.326054,32.510406,2013
1.009102,30.55778,2013
0.375993,32.535873,2013
0.347713,32.68298,2013
0.321928,32.63809,2013
0.328185,32.634068,2013
0.350127,32.669987,2013
0.36772,32.62396,2013
0.368404,32.590256,2013
0.365141,32.597015,2013
0.378049,32.59413,2013
0.371429,32.565063,2013